{
  "model_key": "gemma_4b",
  "prompts": [
    "Explain the difference between a transformer and an LSTM in one paragraph.",
    "What is model quantization and why is it useful for edge deployment?",
    "Write a short Python function to reverse a list.",
    "Why does self-attention help language models capture long-range dependencies?",
    "Give two advantages of smaller models for on-device inference.",
    "Describe perplexity in simple terms.",
    "What is the main tradeoff between accuracy and speed in neural network compression?",
    "Summarize how quantization can reduce memory usage."
  ],
  "dists": {
    "Explain the difference between a transformer and an LSTM in one paragraph.": {
      "\n\n": 0.9113602939740865,
      " A": 0.04278233468669526,
      "\n": 0.02751602652054927,
      " ": 0.007172617841772819,
      " While": 0.0055421043492103255,
      " Explain": 0.002439355124409796,
      " Both": 0.0007529333236262202,
      "  ": 0.000536470843029777,
      " The": 0.00034916481466451603,
      " Transformers": 0.00030794004263642476,
      " An": 0.00022111913674611412,
      " Briefly": 0.0001726293581083255,
      " Essentially": 0.00013798749882982245,
      "   ": 0.00010027408272365348,
      " Each": 8.360796968007694e-05,
      "A": 6.652028065226406e-05,
      " In": 6.261887873675143e-05,
      " Although": 6.0381697776887076e-05,
      " Unlike": 3.283860397461149e-05,
      " This": 2.2788020404413476e-05,
      "Transformers": 1.9266655348574407e-05,
      "&#": 1.925188822272274e-05,
      "\n\n\n": 1.7064427733322636e-05,
      " Using": 1.6343649685073032e-05,
      " Specifically": 1.3928469952356277e-05,
      "While": 1.3674044382430734e-05,
      " These": 1.2969990314360507e-05,
      " **": 1.0252340634986893e-05,
      " They": 9.964714469279176e-06,
      " As": 9.942189129161753e-06,
      " Expl": 9.902455456417694e-06,
      " Neither": 9.590597239490095e-06,
      " Explained": 9.509204049660893e-06,
      " Whereas": 8.113316968251263e-06,
      " Summar": 7.513702622893982e-06,
      " Explanation": 7.375151629928091e-06,
      " Let": 7.186903734028731e-06,
      " Here": 7.124530723993116e-06,
      " It": 7.03333949598837e-06,
      "</h1>": 7.021410246923557e-06,
      " Trans": 6.977993351495345e-06,
      " Though": 6.4251128972165476e-06,
      " -": 6.415610105591437e-06,
      " Deep": 6.015853752411187e-06,
      "": 5.4304722846852376e-06,
      " You": 5.2709138707923e-06,
      " .": 5.213332761491087e-06,
      " For": 5.161015059942476e-06,
      " while": 5.069457267008305e-06,
      " Simply": 4.984208296138531e-06
    },
    "What is model quantization and why is it useful for edge deployment?": {
      "\n\n": 0.8988865177205961,
      "</h1>": 0.08123934282155593,
      "\n": 0.01336156331716005,
      " ": 0.0026786659281012757,
      " Edge": 0.0017918794651787947,
      "</h2>": 0.0012034286451148215,
      "\n\n\n": 0.0001361069953694914,
      " The": 8.664615569211347e-05,
      " -": 7.44082706670775e-05,
      "Edge": 6.489039250225971e-05,
      " In": 5.928702232711954e-05,
      " Deploy": 3.894175477132959e-05,
      "&#": 3.7931933693227036e-05,
      " When": 3.1558889504275526e-05,
      "**": 3.0146632316775877e-05,
      " (": 2.2599939459554724e-05,
      " This": 2.2295163382188305e-05,
      " edge": 1.844201513191907e-05,
      " —": 1.7744648486796676e-05,
      " A": 1.5696902410293626e-05,
      " On": 1.1082016189232685e-05,
      " Optimization": 1.1078571350003294e-05,
      "—": 1.0398653858633732e-05,
      "\n\n\n\n": 1.0299504104858724e-05,
      "</h3>": 1.0031111045966792e-05,
      " It": 9.409329798870241e-06,
      " Deployment": 8.622398388204272e-06,
      " Specifically": 8.154924444872396e-06,
      " Efficient": 6.858299404721431e-06,
      " Especially": 6.486084740187091e-06,
      " To": 5.752510102674646e-06,
      " Also": 5.730596889707915e-06,
      " Model": 5.377835186881353e-06,
      "</h4>": 5.066439747260631e-06,
      " For": 5.012110396908596e-06,
      " More": 4.949760216183165e-06,
      " Reducing": 4.624132333100541e-06,
      " With": 4.5802777296133476e-06,
      " Devices": 4.484175696901949e-06,
      " Models": 4.357201602925074e-06,
      " While": 4.276684478447332e-06,
      "‍": 4.2759218549559934e-06,
      "": 4.235680656363182e-06,
      "": 4.092209003079337e-06,
      " These": 3.9835454271334735e-06,
      " Making": 3.975143303537545e-06,
      " If": 3.833960807647614e-06,
      " Use": 3.724130084202989e-06,
      " Once": 3.681356995994911e-06,
      " You": 3.470820739729243e-06
    },
    "Write a short Python function to reverse a list.": {
      "\n\n": 0.9334640418639195,
      "\n": 0.0588172544754322,
      " In": 0.00466735686711757,
      " ": 0.0012166265405385332,
      " There": 0.00038038439235795905,
      " You": 0.0001955102865873646,
      " The": 0.0001793846608945091,
      " in": 0.00012421347040121752,
      " Re": 0.00010176017699954084,
      " Several": 8.973848950815038e-05,
      " This": 8.829971643503989e-05,
      "\n\n\n": 8.175349994856666e-05,
      " Method": 6.554685108968777e-05,
      "  ": 6.280321265605916e-05,
      " Using": 6.108682838178693e-05,
      " It": 5.688773048455833e-05,
      "\r": 4.8820131058941576e-05,
      " Here": 3.299311666230612e-05,
      " (": 3.18132206236915e-05,
      " A": 2.6608890662321687e-05,
      " **": 1.9577774368378457e-05,
      " Use": 1.9470673828784696e-05,
      " Note": 1.719228352878175e-05,
      " How": 1.351748513827361e-05,
      " While": 1.1221703374166973e-05,
      " `": 1.0451621134429103e-05,
      "</h1>": 9.147713902288399e-06,
      " List": 8.82264399491227e-06,
      " Methods": 7.208623837086324e-06,
      "\n\n\n\n": 6.579903077892806e-06,
      " However": 6.3567486770170685e-06,
      " Function": 6.259038007692634e-06,
      "in": 6.20704951596749e-06,
      "In": 5.724181912731673e-06,
      " Let": 5.220692291718948e-06,
      " \\\\": 4.8649210494211365e-06,
      " and": 4.852054064043618e-06,
      " using": 4.665863301495543e-06,
      " What": 4.6248227114997826e-06,
      "   ": 4.4215462255494154e-06,
      " Alternatively": 3.923610154126732e-06,
      " Reverse": 3.687335637571123e-06,
      " reversing": 3.2328985157646795e-06,
      " Efficient": 3.1810716700250153e-06,
      " Many": 2.9366423088089157e-06,
      " Various": 2.9051737468533916e-06,
      " One": 2.8978298998378297e-06,
      " If": 2.827388613959724e-06,
      " Python": 2.605507464302505e-06,
      " We": 2.5307762868508587e-06
    },
    "Why does self-attention help language models capture long-range dependencies?": {
      "\n\n": 0.9977582391375531,
      "\n": 0.0013193345050549195,
      "</h1>": 0.00045758332729601084,
      " ": 0.00019922163384549152,
      "</h2>": 9.940104864491933e-05,
      " The": 5.32049384082819e-05,
      " Unlike": 3.497660741758649e-05,
      " How": 8.04771171108379e-06,
      " While": 6.453124961043514e-06,
      "\n\n\n": 5.922228620697718e-06,
      "**": 5.560215213435959e-06,
      " (": 5.2995261228951795e-06,
      " Effectively": 4.441165374528851e-06,
      " Why": 3.7622154536137544e-06,
      " It": 3.7622011019281243e-06,
      " In": 3.2362313015971014e-06,
      " What": 2.982339905460146e-06,
      " Addressing": 2.7615614687814014e-06,
      " This": 2.7530626803581866e-06,
      " Mechanisms": 2.229838322698395e-06,
      " Better": 1.8428555331783895e-06,
      " Specifically": 1.7963106614078789e-06,
      " Long": 1.6042614378310067e-06,
      " Traditional": 1.5607570064973138e-06,
      " Mechanism": 1.1852954339140338e-06,
      " Ability": 9.467625413475726e-07,
      " A": 9.147957160950617e-07,
      " Traditionally": 8.99149045333177e-07,
      "</h3>": 8.428843386694242e-07,
      " Despite": 8.382269596836375e-07,
      " Self": 6.921974204969707e-07,
      " More": 6.60563645863243e-07,
      " **": 6.465651420923579e-07,