{
  "model_key": "llama_1b",
  "prompts": [
    "Explain the difference between a transformer and an LSTM in one paragraph.",
    "What is model quantization and why is it useful for edge deployment?",
    "Write a short Python function to reverse a list.",
    "Why does self-attention help language models capture long-range dependencies?",
    "Give two advantages of smaller models for on-device inference.",
    "Describe perplexity in simple terms.",
    "What is the main tradeoff between accuracy and speed in neural network compression?",
    "Summarize how quantization can reduce memory usage."
  ],
  "dists": {
    "Explain the difference between a transformer and an LSTM in one paragraph.": {
      " A": 0.25007226512064357,
      " Both": 0.23143083604539494,
      " \n\n": 0.15550190811356493,
      " The": 0.08872255377156398,
      " Transformers": 0.05514038641066728,
      " While": 0.04728900925080395,
      " \n": 0.0208971787928189,
      " In": 0.01930001933439461,
      " Here": 0.018065448815629513,
      " Transformer": 0.011558314673734084,
      " One": 0.00878172162629991,
      " Key": 0.008689068207359986,
      " Think": 0.008249931508825824,
      ":\n\n": 0.008177225346235783,
      " This": 0.006235439304065115,
      " Two": 0.004631814517048683,
      " An": 0.004041994483009588,
      "": 0.003965701995846389,
      " **": 0.0037562950931438388,
      " Imagine": 0.0033426071002736835,
      " Trans": 0.0030253571870568047,
      " (": 0.0027618054132473604,
      " These": 0.0026162066802390134,
      " transformers": 0.0022723820431132364,
      " Transform": 0.0021452483381076168,
      " They": 0.0019099841207086009,
      " ##": 0.00182387927329348,
      " When": 0.0017115828183853414,
      " Consider": 0.0017057020006205645,
      " For": 0.001704347510772617,
      " Each": 0.0015482930472266333,
      ":\n": 0.0013634077576672743,
      " Neither": 0.0013312517469743232,
      " Although": 0.001232686941855258,
      " There": 0.001215148610056082,
      " What": 0.0011733967811553155,
      " I": 0.0011655462494976202,
      "**\n\n": 0.0011528563359847345,
      " As": 0.0009886345417428918,
      " Unlike": 0.0009815426364919815,
      " Deep": 0.00096817564628154,
      " Essentially": 0.0009228560554122442,
      " You": 0.0008601521317284202,
      " Typically": 0.000855768147709644,
      " To": 0.0008296968406173489,
      " From": 0.0008011942681892319,
      " Unfortunately": 0.0007789465273598899,
      " At": 0.0007778122619327254,
      "\\\n": 0.0007728950365851574,
      " Let": 0.0007535235386624849
    },
    "What is model quantization and why is it useful for edge deployment?": {
      "?\n": 0.4755092564758683,
      "?\n\n": 0.41648419213346494,
      " \n\n": 0.03691779249564128,
      " Edge": 0.017582985358454692,
      " \n": 0.014853595626468366,
      " Model": 0.005977747076988866,
      " ?\n\n": 0.003686156371157995,
      " edge": 0.002957907140588218,
      " model": 0.0029577660999474007,
      " In": 0.0025761953402275543,
      "?": 0.002068854859661203,
      " Quant": 0.001968903248564559,
      " ?\n": 0.001313998635892492,
      " By": 0.001174440811178939,
      " by": 0.0010467062751098118,
      " ": 0.0010164994666952583,
      " As": 0.0008890967987635793,
      " (": 0.0008366601545179226,
      " The": 0.0008243065999296365,
      " in": 0.0007954951682826833,
      " When": 0.000693704274557786,
      " -": 0.0005382543354243389,
      " For": 0.000531133354988671,
      " However": 0.0005012706019279024,
      "\n\n": 0.0004651987794057627,
      " Adv": 0.00045927463648515594,
      " One": 0.0003626148397854459,
      " \n\n": 0.00035490263955714356,
      " \n": 0.0003319254322497154,
      "?\n\n\n": 0.0003213335541813518,
      " for": 0.0003120387894113715,
      " ?": 0.0002782183416103679,
      "？\n": 0.00026941811976322527,
      " Security": 0.00024566173367682317,
      "\n\n\n": 0.00024134137202288508,
      "  \n": 0.00021734658615988245,
      " A": 0.00021313845403920378,
      " With": 0.00020662146142633777,
      ".\n\n": 0.00020558483108020726,
      "  \n\n": 0.00020394974939692143,
      " To": 0.00019363365644291727,
      " This": 0.0001922560054077093,
      " with": 0.00018808685043047316,
      "?\n\n\n\n": 0.00018666212813530476,
      " Here": 0.00016768914807879903,
      "?\"\n\n": 0.00014729551274203937,
      " It": 0.0001462031995131154,
      ":\n\n": 0.00013284103167444619,
      " Q": 0.00013008555572776282,
      " I": 0.00012375888729363333
    },
    "Write a short Python function to reverse a list.": {
      " This": 0.22201817107521962,
      " You": 0.13934571327967238,
      " The": 0.10067064335303572,
      " \n": 0.06902574716994841,
      " \n\n": 0.055272387760776864,
      " Using": 0.045001061553867634,
      " It": 0.036762718091832465,
      " Reverse": 0.02977283282032366,
      " In": 0.02772709965134533,
      " Python": 0.02742655409421003,
      " Use": 0.02632439423183854,
      " Here": 0.021889974156909818,
      " Re": 0.016665982528140805,
      " Return": 0.016252613080617713,
      " Function": 0.01391385207237022,
      " Your": 0.013825336780323263,
      " A": 0.01348581929234863,
      " Given": 0.012619460290186171,
      " I": 0.009443349149431558,
      " Without": 0.0092830959555372,
      " If": 0.009039559829710947,
      " However": 0.007791799950738156,
      " ": 0.006071246804136569,
      " Returns": 0.005311615585791462,
      " Rear": 0.0044925837039768955,
      " To": 0.004406344766475339,
      " For": 0.0037662228757088076,
      " Iterate": 0.003577884153074959,
      " Don": 0.0034392198834691467,
      " We": 0.0033518250810687013,
      " Do": 0.0032493633476128104,
      " Iter": 0.0032231143579864855,
      " Both": 0.0028972737563494034,
      " Recursive": 0.0025954998985816837,
      " That": 0.0025815522810292146,
      " One": 0.002489572972989638,
      " By": 0.0024828297780496132,
      " Example": 0.0022165242499645036,
      " R": 0.002201405005160104,
      " While": 0.002189591867825363,
      " First": 0.0020509353710642018,
      " Write": 0.0020295481449221866,
      " Simply": 0.0018372337157923746,
      " Rec": 0.0017596465838516555,
      " Just": 0.0015943891138843669,
      " Note": 0.0014490368829246428,
      " Method": 0.0013297262063583478,
      " `": 0.0013234334857720397,
      " How": 0.0012700490860724505,
      " Copy": 0.001254164871721977
    },
    "Why does self-attention help language models capture long-range dependencies?": {
      " \n\n": 0.35408096775261333,
      " \n": 0.10225305201297699,
      " Self": 0.09102123579438395,
      " The": 0.06332902405489414,
      " Long": 0.05563931640148325,
      " (": 0.054247228739272936,
      " In": 0.05292725906477715,
      " A": 0.023181335259392668,
      "?\n\n": 0.01791811942827562,
      " By": 0.014381365542722983,
      "?\n": 0.013869520809217438,
      " Int": 0.010199549231422642,
      " This": 0.010092802956290399,
      " Answer": 0.008688185519749012,
      " ": 0.008393409615396889,
      " -": 0.008010995337884252,
      " ##": 0.007934513213326331,
      " It": 0.00723767627931372,
      " We": 0.00634407006311994,
      " When": 0.005485656043601319,
      " Introduction": 0.005411920685403871,
      " Unlike": 0.0051460285170616855,
      " While": 0.004864445582576298,
      " [": 0.004454888543189599,
      "**\n\n": 0.004063272498989053,
      " Multi": 0.003933611790027623,
      " I": 0.003800121792094846,
      "\n\n\n": 0.0033320356294782617,
      " Why": 0.003296767092506294,
      " Attention": 0.003042385732996976,
      "": 0.002833371560413908,
      " What": 0.0027472875931280373,
      " Multiple": 0.0027291490938061427,
      " Explain": 0.0026872219415970664,
      "1": 0.002666398813716095,
      " self": 0.002417594649467041,
      " How": 0.0023392075254010393,
      " Through": 0.0021249344702366983,
      " Understanding": 0.002116442230776547,