{
  "model_key": "llama_3b",
  "prompts": [
    "Explain the difference between a transformer and an LSTM in one paragraph.",
    "What is model quantization and why is it useful for edge deployment?",
    "Write a short Python function to reverse a list.",
    "Why does self-attention help language models capture long-range dependencies?",
    "Give two advantages of smaller models for on-device inference.",
    "Describe perplexity in simple terms.",
    "What is the main tradeoff between accuracy and speed in neural network compression?",
    "Summarize how quantization can reduce memory usage."
  ],
  "dists": {
    "Explain the difference between a transformer and an LSTM in one paragraph.": {
      " \n": 0.5104362718994223,
      " \n\n": 0.22006456086193255,
      " A": 0.061950478163216804,
      " Both": 0.05934865858818895,
      " **": 0.048145776955562644,
      " both": 0.027282566097761158,
      " ": 0.013128086514339143,
      " Transformers": 0.008485568370380335,
      " The": 0.005992647183638719,
      " Transformer": 0.0041879090168002306,
      " While": 0.0041568800949149205,
      " Artificial": 0.0029064152908101644,
      " a": 0.0028282030995830086,
      " One": 0.00258371547426746,
      " This": 0.00201705282921217,
      " \n": 0.001958134989896686,
      " Two": 0.0019224618866888542,
      " Neural": 0.0018822384442259334,
      " Traditional": 0.0016491650321251593,
      " In": 0.001154424094427578,
      " An": 0.00106806085405246,
      " These": 0.0010594864006802103,
      " I": 0.0010273449149070394,
      " They": 0.0010240884909225598,
      " Linear": 0.0009979062014502358,
      " There": 0.0009792846050816193,
      " (": 0.0009711069942850721,
      " It": 0.0008234112430334086,
      " Although": 0.0007824480355725405,
      " You": 0.0006627694192671591,
      "  \n": 0.0006464360378618101,
      " Mathematical": 0.0005398662178968396,
      " one": 0.0005354739218636852,
      " *": 0.0005286835878688469,
      " We": 0.0004928643691570917,
      " As": 0.0004894427172005264,
      " and": 0.0004825531467055883,
      " \n\n\n": 0.00045296366448190165,
      " Each": 0.0004489730067900175,
      " Deep": 0.0004264954435163662,
      " To": 0.0004109781262013879,
      " Transform": 0.00041044621716361876,
      " two": 0.0003798172438052204,
      " Trans": 0.00036716624688926987,
      " Transformation": 0.0003283577479727009,
      " \n\n": 0.00032754363891750735,
      "Both": 0.0003260256134698857,
      " Neither": 0.0003260162859356961,
      " For": 0.00030940664672441645,
      " From": 0.0002933680729309113
    },
    "What is model quantization and why is it useful for edge deployment?": {
      "?\n": 0.3209429461753684,
      " \n": 0.21248688950891637,
      " edge": 0.10703726153059935,
      " Edge": 0.07958021432225106,
      "?\n\n": 0.07181455699821836,
      " \n\n": 0.05287250011232093,
      " model": 0.03242608350124928,
      " for": 0.010471096575344138,
      " \n": 0.009996365183019667,
      " (": 0.009910828883412165,
      " ": 0.009807759009661837,
      " ": 0.008995952282038651,
      " \n\n": 0.006027041814690555,
      " in": 0.005479719241735552,
      "  \n": 0.005083270608478506,
      "？\n": 0.004977953499624078,
      "\n\n": 0.004669562868234464,
      "...\n": 0.0045163451628009,
      "...\n\n": 0.0043880500302875755,
      " Model": 0.004137997764121647,
      " on": 0.0038744574889018725,
      " -": 0.0037149662510563048,
      " and": 0.0019395773934057603,
      " to": 0.0015622963353750768,
      " deployment": 0.0014308681851954972,
      "  \n\n": 0.0013734434735606475,
      "edge": 0.0013382439120348912,
      " ...\n": 0.0013022116421447846,
      " with": 0.0012618796138822409,
      " models": 0.0011701036579505341,
      " ?\n": 0.0011651151000768329,
      " ?\n\n": 0.0011545628962129051,
      "Edge": 0.001030723813233971,
      " or": 0.000999983081008187,
      " This": 0.0009236775998259628,
      " deploying": 0.0009012254375167063,
      " quant": 0.0008543305685143758,
      "    \n": 0.0007826100283095056,
      " of": 0.0007501171507322762,
      " reducing": 0.0007331915677184982,
      " In": 0.0007075978835366991,
      "\n": 0.0006703370884722879,
      "  ": 0.0006593399256804459,
      " The": 0.0006360608808139848,
      " –": 0.0006234068851511919,
      "**\n": 0.0006100386980468334,
      "？\n\n": 0.0006045459904799978,
      " [": 0.0005572675160716465,
      " For": 0.0005517282731908388,
      " at": 0.0004936965895258428
    },
    "Write a short Python function to reverse a list.": {
      " using": 0.4609024666721295,
      " \n": 0.1696230041965606,
      " \n\n": 0.1534946493367415,
      " and": 0.04365694913015895,
      " ": 0.024454928122700018,
      " function": 0.023559289490182756,
      " Using": 0.009724087367007061,
      " `": 0.009371687002497395,
      " in": 0.00925978325050325,
      " but": 0.007827209286127278,
      " [": 0.00747605830570077,
      " use": 0.006984686808257924,
      " reverse": 0.005164384415818372,
      " which": 0.005043544150642359,
      " reversing": 0.004996569550420473,
      " while": 0.004909501987116978,
      " **": 0.004409978625695908,
      " Function": 0.0043757058024996055,
      "  \n": 0.003173106446752795,
      " (": 0.002921226769569752,
      " that": 0.0025020341410338194,
      " by": 0.0023793430975171267,
      " from": 0.002144238106686108,
      " with": 0.0019422540246539443,
      " This": 0.001540822117430622,
      " slicing": 0.0015381881914458952,
      " Use": 0.0015284581403018256,
      " \n": 0.0015009191318275691,
      " The": 0.001500174994581556,
      " ...\n\n": 0.0014617177117231884,
      " Python": 0.0014589699304379778,
      "\n\n": 0.0014416699097805888,
      " or": 0.0014057322510092913,
      " .": 0.0013947262485266428,
      " ": 0.0013861046015248327,
      " not": 0.0013493536321350472,
      " In": 0.0012468322568319184,
      " without": 0.0011382403451567667,
      " simple": 0.0009890467340570646,
      " Given": 0.0009713914591294099,
      " of": 0.0009521743447486984,
      " for": 0.0008922145327332223,
      " the": 0.0008458433932370943,
      " method": 0.0007674415412768591,
      " reversed": 0.00075488301444986,
      "  \n\n": 0.0007542418448213805,
      " Re": 0.0007334342708549833,
      " given": 0.0007248659986727493,
      " simply": 0.0007205459422017558,
      " functions": 0.0007053213741286667
    },
    "Why does self-attention help language models capture long-range dependencies?": {
      " and": 0.38652365269475875,
      "?\n": 0.18194379977140254,
      " \n": 0.15208672912309565,
      " self": 0.051022362482269,
      " ": 0.039354748746099164,
      "?\n\n": 0.036543341217155204,
      " (": 0.02028225245133045,
      " ?\n": 0.016981987905687317,
      " ": 0.014381862561720858,
      " \n\n": 0.013697432519223039,
      " Self": 0.01306066185694225,
      " -": 0.007014148401582428,
      " not": 0.005749511630146217,
      " Attention": 0.005038234988350209,
      " ?\n\n": 0.0046151681392278135,
      " ?": 0.00428671845203876,
      " The": 0.0037325615102608077,
      " attention": 0.0030344294769807977,
      " In": 0.002886539907037022,
      " \n": 0.0026876069895189598,
      " ...\n": 0.0025540715052993334,
      " in": 0.0024592759685130782,
      " Not": 0.0023365838278357758,
      " Unlike": 0.0020918153303261596,
      " --": 0.0019092879090457423,
      " And": 0.0017216061106797931,
      " While": 0.0017085163884729985,
      " *": 0.0016536515137155574,
      "\n\n\n": 0.0013488912446363312,
      "?": 0.0012526910036060987,
      " while": 0.0011785868127498105,
      " A": 0.001169986120242087,
      " This": 0.0010882561294552333,
      " ??": 0.001054439093150033,
      " *\n": 0.0010213377859078698,
      "？\n": 0.0008197238513172107,
      "&#": 0.0008121673261066853,
      " ...\n\n": 0.0008098949034531555,
      " Long": 0.0007757570717619924,