{
  "model_key": "llama_8b",
  "prompts": [
    "Explain the difference between a transformer and an LSTM in one paragraph.",
    "What is model quantization and why is it useful for edge deployment?",
    "Write a short Python function to reverse a list.",
    "Why does self-attention help language models capture long-range dependencies?",
    "Give two advantages of smaller models for on-device inference.",
    "Describe perplexity in simple terms.",
    "What is the main tradeoff between accuracy and speed in neural network compression?",
    "Summarize how quantization can reduce memory usage."
  ],
  "dists": {
    "Explain the difference between a transformer and an LSTM in one paragraph.": {
      " \n": 0.17950962703411913,
      " \n\n": 0.12523846570838598,
      " A": 0.10699553337368918,
      " \n": 0.04899168435476368,
      " (": 0.04441251522705182,
      " This": 0.04162674945058423,
      " I": 0.03791384208223174,
      " ": 0.03549021977769818,
      " Explain": 0.03371258736006518,
      " The": 0.03229720619839896,
      " Both": 0.032185653206274555,
      " Here": 0.028710392736305098,
      "  \n": 0.017050070878928732,
      " While": 0.016740540015815777,
      " Please": 0.0164373338450684,
      " [": 0.0160554456261234,
      " In": 0.014861411760098383,
      " What": 0.014081737769229006,
      " Transformers": 0.013518093921728168,
      " -": 0.008406392744879563,
      "  \n": 0.008353893944989112,
      " If": 0.008328835885560801,
      " How": 0.007949143819257896,
      " An": 0.007855589480989543,
      " It": 0.007780954634333941,
      " Note": 0.006002091302200672,
      " For": 0.005613976006055343,
      " Rec": 0.005180668372223042,
      " You": 0.005119603755530676,
      " ##": 0.004925545918771776,
      " One": 0.004683339822982097,
      " L": 0.004246624591497726,
      " Deep": 0.0042050266341228555,
      " There": 0.003996935680084468,
      "  \n\n": 0.003929951053865404,
      " **": 0.0039119649708646296,
      " transformers": 0.003884339839932303,
      " These": 0.0037583812180664446,
      " Answer": 0.0035880684324523936,
      " \n\n": 0.0034241049396840665,
      " Trans": 0.0033520663732860985,
      " By": 0.003294380715709042,
      " Transform": 0.002976954499528192,
      " From": 0.002975143739717036,
      " Can": 0.002853056184768917,
      "¶": 0.0027838731802332225,
      " To": 0.002745730983028819,
      " They": 0.0027002920734398466,
      " Long": 0.0026969000931070172,
      " When": 0.0026470587822771457
    },
    "What is model quantization and why is it useful for edge deployment?": {
      " Model": 0.3300690739765717,
      " -": 0.10330408496104566,
      " \n": 0.06308182851029566,
      " |": 0.059081350917354294,
      " (": 0.052139109185078705,
      " ": 0.004158444399148472,
      " \n\n": 0.03958541736660271,
      " In": 0.03252889672448808,
      " \n": 0.03202986695770388,
      " –": 0.029977771463965422,
      " [": 0.02883566534203655,
      " The": 0.017873780112890533,
      " This": 0.016136192242607046,
      "  \n": 0.015370927016129528,
      " Quant": 0.013314409737385265,
      "  \n": 0.011718904445432787,
      " What": 0.009651206132099875,
      " model": 0.009057809498892589,
      " \n\n": 0.008075181851941615,
      " ¶": 0.007866049713813621,
      " As": 0.007434312472945887,
      " We": 0.007097836058437701,
      "¶": 0.006965691267226685,
      " Edge": 0.006113899111496126,
      "?\n": 0.005728040230897789,
      " A": 0.0056047070570758,
      " by": 0.00556585012825456,
      " With": 0.004900396378401424,
      " Explain": 0.004665656582826895,
      " Deep": 0.004592314869871307,
      " How": 0.00455354504886697,
      " Learn": 0.0038848967207132886,
      " —": 0.003623004492308175,
      " ##": 0.0034155708703135315,
      " September": 0.003358105149013413,
      " Machine": 0.00332337194553955,
      "Model": 0.003210137760787377,
      " When": 0.003025753936182237,
      " To": 0.0029141908598785604,
      " March": 0.0029128293754161387,
      " By": 0.002752850349609384,
      " Introduction": 0.002700429383902296,
      " Daniel": 0.0026447734392245343,
      " :": 0.0026315320825351786,
      " ": 0.0026259014981485484,
      " ,": 0.0026223578665324084,
      " originally": 0.0024284924034664312,
      "  ": 0.002424738770256187,
      " Part": 0.002422843334387336
    },
    "Write a short Python function to reverse a list.": {
      " This": 0.13396292413546723,
      " Here": 0.123205223897348,
      " The": 0.10343710996148273,
      " \n\n": 0.06928741068156875,
      " You": 0.06927512133349707,
      " ": 0.04797586493579514,
      " I": 0.0429466377582167,
      " \n": 0.03866242589808025,
      " Python": 0.03289232994527619,
      " In": 0.029107353755646093,
      " It": 0.02624346615040766,
      " A": 0.02481281052375784,
      " We": 0.023822319160293565,
      " There": 0.018536857324420355,
      " For": 0.016801973398437944,
      " Your": 0.01572236736904218,
      " Use": 0.015098654974208982,
      " If": 0.01138334331979373,
      " How": 0.009523773909209552,
      "  \n": 0.008449271858322109,
      " Re": 0.007895455766870528,
      " Reverse": 0.00778220104380777,
      " However": 0.00765137053502029,
      " What": 0.007472964972898094,
      " Note": 0.006894720329758255,
      " Then": 0.006624084132996565,
      " Given": 0.0065816865630542514,
      " (": 0.006030129716429901,
      " Can": 0.005866665940382747,
      " Please": 0.005797614981751009,
      " Write": 0.00573174860565977,
      " List": 0.005699702609163251,
      " That": 0.0056224466726918125,
      " To": 0.005242491116414461,
      " Do": 0.004999324756573286,
      " Function": 0.004839268083873395,
      " While": 0.0040505577575637415,
      " Using": 0.0036180864190007295,
      " Don": 0.0034675741839218224,
      " [": 0.0034566454824903996,
      " One": 0.0029512083284319326,
      " My": 0.002627606537567786,
      " Create": 0.0025466421470823324,
      " But": 0.0025059075416810515,
      " Below": 0.002335548829553362,
      " Let": 0.0021530534523662354,
      " Is": 0.00214166316790684,
      " When": 0.002140874927623729,
      " By": 0.0020629100115107275,
      " And": 0.002062605095681808
    },
    "Why does self-attention help language models capture long-range dependencies?": {
      " (": 0.14087425043404223,
      " A": 0.12843564991973047,
      " [": 0.06987654966009339,
      " -": 0.06556761399576999,
      " |": 0.0497366159031243,
      " –": 0.04876773891996432,
      " ": 0.004117797811637446,
      " Why": 0.03146703642359381,
      " ,": 0.03058671802401921,
      " The": 0.028324587137519612,
      " An": 0.028162277058501283,
      " \n\n": 0.02600045091432902,
      " Understanding": 0.023063808924240026,
      " We": 0.022164981263032475,
      " What": 0.021089749919629343,
      " \n": 0.02079813858570399,
      " In": 0.02058037163277044,
      " This": 0.01702523728460657,
      " How": 0.015415470904126222,
      " Self": 0.014244435908637049,
      " by": 0.0133330159202938,
      " By": 0.011684892819513218,
      "¶": 0.011329934482324012,
      " \n": 0.010848528059598714,
      "  \n": 0.010660392163837384,
      " It": 0.010120236852531274,
      " ^{": 0.009869947498311698,
      " Int": 0.009069576374031534,
      " Because": 0.008102600342460443,
      " #": 0.008040335157251085,
      " I": 0.007001911787709468,
      " Insights": 0.006878962011868596,
      " To": 0.006417844037711967,
      " Unlike": 0.005941278033506923,
      " While": 0.005525672530754996,
      " Download": 0.005010042975041216,
      " PDF": 0.004840895962210167,
      " Explain": 0.004792905406260499,
      " When": 0.004739438710497226,
      " pdf": 0.004620920333852398,
      " ¶": 0.004377140365776593,
      " Recent": 0.004301252216101014,
      " Abstract": 0.0039109414848042786,
      " Here": 0.0038433375884850264,
      " »": 0.0037620914271159194,