{
  "model_key": "ministral_8b",
  "prompts": [
    "Explain the difference between a transformer and an LSTM in one paragraph.",
    "What is model quantization and why is it useful for edge deployment?",
    "Write a short Python function to reverse a list.",
    "Why does self-attention help language models capture long-range dependencies?",
    "Give two advantages of smaller models for on-device inference.",
    "Describe perplexity in simple terms.",
    "What is the main tradeoff between accuracy and speed in neural network compression?",
    "Summarize how quantization can reduce memory usage."
  ],
  "dists": {
    "Explain the difference between a transformer and an LSTM in one paragraph.": {
      " A": 0.5281468885234424,
      " Transform": 0.3418138389013279,
      " Both": 0.048909157698167005,
      " While": 0.038025776230761296,
      "Transform": 0.013721406273265442,
      " Trans": 0.010421348130558719,
      " **": 0.0043989200929359824,
      " The": 0.002378903545845011,
      " An": 0.0018392947773247328,
      " In": 0.001471779624661562,
      " Unlike": 0.0008649704019747217,
      " while": 0.0008281184848022018,
      " (": 0.0005956937038628354,
      " both": 0.0005423139125419284,
      "While": 0.0005159017513817022,
      " Imagine": 0.0004343383789488923,
      " Although": 0.00040884579902955516,
      " transform": 0.0003744173732806847,
      " Neural": 0.00036822257106825315,
      " At": 0.0003170096103957735,
      " Deep": 0.00031578695772049186,
      " Each": 0.0002608361261512833,
      " Whereas": 0.00023298930720875094,
      "Transformer": 0.000217640976582003,
      " Neither": 0.00020970887672722336,
      " Artificial": 0.00020637102704591605,
      " Think": 0.0001909989277202186,
      " Essentially": 0.0001314316059901836,
      " This": 0.00011591389696948178,
      " Ne": 0.00011290440595039486,
      "Trans": 0.00010287712980313119,
      " Briefly": 0.0001016673272426946,
      " Answer": 9.687518158487836e-05,
      " As": 9.64711848575418e-05,
      " For": 9.359639844361852e-05,
      " Here": 8.985605275866808e-05,
      " and": 8.946938152212458e-05,
      " There": 8.933330696208868e-05,
      " When": 8.621007807434198e-05,
      " One": 7.990606218778737e-05,
      " ": 7.827972241518383e-05,
      " Though": 7.511671740742903e-05,
      " Traditional": 7.385262459062821e-05,
      " *": 7.25145151043755e-05,
      " Gener": 6.99771613083196e-05,
      " Two": 6.769275434241155e-05,
      "": 6.720133251681456e-05,
      " [": 6.596592949403524e-05,
      " It": 6.581919804793505e-05,
      "_transform": 6.559004769327578e-05
    },
    "What is model quantization and why is it useful for edge deployment?": {
      " Model": 0.21345385523660718,
      " How": 0.11692313571213096,
      " Quant": 0.10992075218493796,
      " What": 0.08215484035595003,
      " Explain": 0.06948613263950038,
      " In": 0.05475902927702839,
      " Can": 0.042273074632918184,
      " Why": 0.025183255542364044,
      " I": 0.018929863860487395,
      " This": 0.018656976072982667,
      " Let": 0.017704782452146586,
      " The": 0.015434906211257033,
      "Model": 0.014327859865429171,
      " When": 0.01299116166072658,
      " Is": 0.012892485571871386,
      " Provide": 0.011566452256727675,
      " (": 0.010586971031574703,
      " Are": 0.008468607392174695,
      " Please": 0.008450890410480225,
      " We": 0.008066511099370273,
      "Quant": 0.006872425669733621,
      " Here": 0.006732312624522821,
      " Does": 0.006504618926900224,
      " Could": 0.006495432147646547,
      " For": 0.005678655808158614,
      " A": 0.005465697596245711,
      " Give": 0.005371364429675617,
      " To": 0.005328176752186767,
      " Answer": 0.005003793384685252,
      " Deep": 0.0049091316175068215,
      " It": 0.004460787306775173,
      " Edge": 0.004238620646863997,
      " As": 0.0042062451260756655,
      " There": 0.00411801057098979,
      " Understanding": 0.004076045330535585,
      " If": 0.004015483998559274,
      "How": 0.0037784016208100755,
      " Do": 0.0037323435726713027,
      " **": 0.0036858028446533587,
      "In": 0.003602684786639295,
      " And": 0.0036000779671567598,
      " ": 0.0033742139479173636,
      " Learn": 0.0033402489458333883,
      " [": 0.003061182579141757,
      "A": 0.00294380383188173,
      " Describe": 0.002825488354218668,
      "I": 0.0026968262843948087,
      " Introdu": 0.0025910304206147898,
      " Expl": 0.0025772800961318273,
      " Where": 0.0024822693442076143
    },
    "Write a short Python function to reverse a list.": {
      " The": 0.16725215294098528,
      " For": 0.13361043485542162,
      " You": 0.07200020263060862,
      " Do": 0.06637677472232832,
      " Here": 0.051577576231996596,
      " Your": 0.05134211032655685,
      " Use": 0.03801017956641037,
      " This": 0.0355000029347826,
      " Write": 0.031373520604744035,
      " I": 0.027466883334208707,
      " It": 0.019199018628901016,
      " If": 0.01771488580329991,
      " Assume": 0.017455217460919097,
      " Can": 0.016908434488121692,
      " Make": 0.016872513636449902,
      " (": 0.016064175776416806,
      " Don": 0.01240053579189864,
      " Note": 0.010981017934771289,
      " A": 0.010968782620310882,
      " Return": 0.010468971211972588,
      " Then": 0.0100101611892676,
      " How": 0.00990572764221531,
      " What": 0.009694975714388156,
      " In": 0.009477692245154247,
      " Hint": 0.008893021601795484,
      " **": 0.008411276559143312,
      " Given": 0.0077306069726282645,
      " ```": 0.007210199904055348,
      " That": 0.006973878188231202,
      " To": 0.006463557423590819,
      " Please": 0.006363385665385692,
      " Reverse": 0.0061410466804152014,
      " Try": 0.005801000034819533,
      " Remember": 0.005434225364872629,
      " Provide": 0.005174126159545186,
      " There": 0.005160082124835674,
      " No": 0.0050992358434442915,
      " Ensure": 0.004991274040433744,
      " Also": 0.0047595921191533235,
      " Example": 0.004678317876230954,
      " So": 0.00459079842777128,
      " Without": 0.004308590301737514,
      " Be": 0.004086798736355471,
      " `": 0.003931161841225806,
      " Include": 0.0037910099059992753,
      " List": 0.003731502593628376,
      " However": 0.0034841817554173695,
      " Does": 0.003439729915055471,
      " Create": 0.003421669784519411,
      " Take": 0.0032977818875790815
    },
    "Why does self-attention help language models capture long-range dependencies?": {
      " A": 0.09226608130802298,
      "A": 0.09077267186187628,
      " The": 0.053647124216174076,
      " This": 0.048076636264953385,
      " Self": 0.04613975042818634,
      " To": 0.04446909042135918,
      " Understanding": 0.03492719805184691,
      " In": 0.03458608996569357,
      " Is": 0.03429371044312938,
      " I": 0.03052403846621376,
      " How": 0.029756769745718937,
      " We": 0.029217617398761758,
      " What": 0.027344902240032713,
      " Why": 0.02356423804082908,
      " Can": 0.020177091241781814,
      "Self": 0.019612375973487847,
      " It": 0.019489485729028415,
      " Does": 0.019347474134570476,
      " (": 0.018889758210442042,
      " Explain": 0.01736025616088697,
      " Long": 0.015467627557015673,
      " Let": 0.014942387401219464,
      "The": 0.01444668910230549,
      " Recent": 0.014296781580019964,
      " An": 0.013632785230962365,
      " Towards": 0.012328299043832557,
      " And": 0.012107663244825135,
      " Language": 0.011903831395429526,
      " While": 0.010299368055199546,
      " Expl": 0.010153838500032063,
      " [": 0.009474844396854953,
      " Are": 0.009088089960125036,
      " There": 0.00867817881023172,
      "I": 0.00836855301692913,
      "In": 0.007991160792883112,
      "To": 0.007851278350889302,
      "Recent": 0.0075003743116751845,
      " For": 0.007362293765728915,
      "Pro": 0.0069474043259882285,
      " When": 0.0065452751591765414,