{
  "model_key": "qwen_2b",
  "prompts": [
    "Explain the difference between a transformer and an LSTM in one paragraph.",
    "What is model quantization and why is it useful for edge deployment?",
    "Write a short Python function to reverse a list.",
    "Why does self-attention help language models capture long-range dependencies?",
    "Give two advantages of smaller models for on-device inference.",
    "Describe perplexity in simple terms.",
    "What is the main tradeoff between accuracy and speed in neural network compression?",
    "Summarize how quantization can reduce memory usage."
  ],
  "dists": {
    "Explain the difference between a transformer and an LSTM in one paragraph.": {
      "\n\n": 0.751160508118559,
      "\n": 0.0310542863648884,
      " Include": 0.01816590661923655,
      " What": 0.016292512268997597,
      " How": 0.015591323028726609,
      " Why": 0.012320913844558103,
      " In": 0.011430551635494583,
      " Your": 0.011233307793277117,
      " Use": 0.00977037648933146,
      " Explain": 0.009715537564388888,
      " Focus": 0.008312596822873653,
      " The": 0.00716706824020328,
      " Then": 0.006802619816522593,
      " A": 0.0065607341734179765,
      " You": 0.005791230245506661,
      " Specifically": 0.0054779045465653195,
      " Describe": 0.00537911914198933,
      " Compare": 0.0051202168013683574,
      " Also": 0.0049918193131334426,
      " Consider": 0.0047075095085066816,
      " Additionally": 0.004418897983095614,
      " Start": 0.004305943057532012,
      " Provide": 0.003921809906161605,
      " For": 0.003376561424314342,
      " Highlight": 0.002829486596992734,
      " One": 0.002416576397465283,
      " ": 0.0023958206955389393,
      " If": 0.002301440303418872,
      "": 0.0020501786393244373,
      " Define": 0.0020478610798014556,
      " (": 0.001759690276991533,
      " Discuss": 0.0016062873815289797,
      " \n": 0.0015567810015169792,
      " -": 0.001502200262306404,
      " When": 0.001479959103911017,
      " Do": 0.0014248870527968768,
      " Please": 0.0012769438349587675,
      " **": 0.0012077853162999884,
      " Based": 0.0011760639445339378,
      " \n\n": 0.0011747356206030966,
      " List": 0.0010858427399654232,
      " Begin": 0.0009713698234320747,
      " Which": 0.000965100089638405,
      " Be": 0.0009028760143754451,
      " Furthermore": 0.0008859035411488032,
      " Identify": 0.0008857328951684311,
      " Answer": 0.0007810946724321691,
      " Transform": 0.0007787836628145267,
      " Make": 0.0007739754346322226,
      " Brief": 0.0006933505461077019,
      ".": 1.836364638787454e-08
    },
    "What is model quantization and why is it useful for edge deployment?": {
      "\n\n": 0.8896968408274211,
      "\n": 0.04193731479548016,
      " Model": 0.02088319368946492,
      " How": 0.013673086148966155,
      " Additionally": 0.008650326358551643,
      " Also": 0.0034730718010362255,
      " What": 0.0033843003371723983,
      " Explain": 0.00297764755914164,
      " Can": 0.002527487115879594,
      " -": 0.0019230271938878534,
      " (": 0.0018377183664333805,
      " Why": 0.0013571281222736111,
      " **": 0.0011116219483939035,
      " Provide": 0.0006614606248843157,
      " Please": 0.0006431046918052662,
      "  \n": 0.0005632840284965472,
      " Is": 0.00031950993580400557,
      " |": 0.0003085758914872835,
      "\n\n\n": 0.00026453088068110873,
      " Specifically": 0.00023868125868103628,
      " ": 0.00023056120543025362,
      " In": 0.00022646861197578143,
      " It": 0.0002260849297227305,
      " Could": 0.0001873080515505963,
      " Describe": 0.00018338517974807113,
      "": 0.0001716335685727259,
      " Consider": 0.0001695586062665896,
      " Quant": 0.0001617467438471585,
      " \n": 0.00015503168803305907,
      " Include": 0.00013562230471776213,
      " Which": 0.00013323348079439105,
      " The": 0.00011641273722027227,
      " List": 0.00011302365411747816,
      " Use": 0.000107742244336978,
      " This": 0.00010332006285430266,
      " For": 0.0001028205261384898,
      " Given": 9.72033332323438e-05,
      " Furthermore": 9.337617632065656e-05,
      " *": 8.981106709112604e-05,
      " Let": 8.868722849868781e-05,
      " \n\n": 8.341817077378344e-05,
      " Discuss": 8.04118937295206e-05,
      "  \n\n": 7.668303982112701e-05,
      " If": 6.846757049183705e-05,
      " And": 6.387255718493351e-05,
      " model": 6.355374176503302e-05,
      " We": 6.164076826753241e-05,
      " Does": 5.939150226670421e-05,
      " When": 5.840133984530488e-05,
      " :": 5.75751434847787e-05,
      "?": 1.6412959580589211e-06
    },
    "Write a short Python function to reverse a list.": {
      "\n\n": 0.5674152111802534,
      " The": 0.12806370719825783,
      "\n": 0.0548149904354689,
      " Use": 0.021673040445054432,
      " You": 0.018396613361245647,
      " For": 0.017567300922709375,
      " Explain": 0.013117559033790397,
      " Your": 0.011384479407824557,
      " Provide": 0.010138822969694325,
      " Write": 0.009750633933041847,
      " Additionally": 0.007998699305785001,
      " What": 0.007864694143841172,
      " It": 0.0075570432315230215,
      " Reverse": 0.007029738672141272,
      " \n": 0.007021872485152723,
      " Then": 0.006983312697919912,
      " Also": 0.006867235496267579,
      " Return": 0.006065436914119251,
      " Include": 0.005932858455248604,
      " If": 0.0055772649134622826,
      " \n\n": 0.005250049226505635,
      " Do": 0.004979281683105671,
      "\n\n\n": 0.004951768534727784,
      " How": 0.0044428276946941745,
      " List": 0.0040447623057073955,
      " Define": 0.003772751443735916,
      " Ensure": 0.0036083438404840183,
      " Create": 0.0034994219740997114,
      " Show": 0.0031379147845240966,
      " In": 0.0030775565888341615,
      " Can": 0.0027980401221774963,
      " A": 0.0027279997410370373,
      "  \n": 0.002726756448508193,
      " Implement": 0.002644305051777453,
      " This": 0.0026237569329491516,
      " Consider": 0.0025832813601029147,
      " Please": 0.002120414747909655,
      " When": 0.00207191969506917,
      " Make": 0.0017676022070807443,
      " To": 0.0017465559032617168,
      "\r\n\r\n": 0.0017018329091332913,
      " After": 0.0015497655657731224,
      " However": 0.001519733861341746,
      " Re": 0.001479418702405475,
      " -": 0.0013870893530523634,
      " Using": 0.0013799223123450708,
      " Given": 0.0013503470440256508,
      " ": 0.0013487922878838306,
      " Describe": 0.0012561615948779147,
      " Modify": 0.0012310983258436068,
      ".": 1.2554224646811358e-08
    },
    "Why does self-attention help language models capture long-range dependencies?": {
      "\n\n": 0.9159053367288899,
      "\n": 0.015432122083313526,
      " Self": 0.012402423802891843,
      " Explain": 0.01154323232036798,
      " Consider": 0.005404624323636147,
      " -": 0.004756400549769088,
      " (": 0.003898533704096197,
      " Provide": 0.002918652996063256,
      " Specifically": 0.002825770875651738,
      " In": 0.0025084556417087666,
      "  \n": 0.0023492149100393057,
      " \n": 0.002190156007971786,
      " It": 0.0018537744006801155,
      " Please": 0.0015962423861161576,
      " To": 0.001210559914751009,
      " And": 0.0009320785268473959,
      " The": 0.0008621122887001203,
      " Given": 0.0008032291650557503,
      " This": 0.0007943165583192412,
      " \n\n": 0.0007469289571875009,
      " What": 0.0005806568731361743,
      "": 0.0005212420704290805,
      " Use": 0.0005184692187456979,
      " Based": 0.00047563799854688645,
      " Additionally": 0.00045625639577710395,
      " ": 0.0004399553310612649,
      " Let": 0.0004311912068207272,
      " Can": 0.0004101303936222193,
      " self": 0.00037488345083822906,
      " How": 0.0003598417691723055,
      " Unlike": 0.00035883117713047055,
      "  \n\n": 0.0003492622182289731,
      " Illustr": 0.0003207847994093847,